1,Shrubland,GLU223,1700,176.07753
1,Shrubland,GLU223,1750,174.31095
1,Shrubland,GLU223,1800,167.01493
1,Shrubland,GLU223,1850,164.41703
1,Shrubland,GLU223,1900,127.78999
1,Shrubland,GLU223,1950,55.55189
1,Shrubland,GLU223,1971,54.275857
1,Shrubland,GLU223,1972,54.359244
1,Shrubland,GLU223,1973,54.442631
1,Shrubland,GLU223,1974,54.526018
1,Shrubland,GLU223,1975,54.609405
1,Shrubland,GLU223,1976,54.692792
1,Shrubland,GLU223,1977,54.776179
1,Shrubland,GLU223,1978,54.859566
1,Shrubland,GLU223,1979,54.942953
1,Shrubland,GLU223,1980,55.02634
1,Shrubland,GLU223,1981,54.81245
1,Shrubland,GLU223,1982,54.59856
1,Shrubland,GLU223,1983,54.38467
1,Shrubland,GLU223,1984,54.17078
1,Shrubland,GLU223,1985,53.95689
1,Shrubland,GLU223,1986,53.743
1,Shrubland,GLU223,1987,53.52911
1,Shrubland,GLU223,1988,53.31522
1,Shrubland,GLU223,1989,53.10133
1,Shrubland,GLU223,1990,52.88744
1,Shrubland,GLU223,1991,53.103307
1,Shrubland,GLU223,1992,53.319174
1,Shrubland,GLU223,1993,53.535041
1,Shrubland,GLU223,1994,53.750908
1,Shrubland,GLU223,1995,53.966775
1,Shrubland,GLU223,1996,54.182642
1,Shrubland,GLU223,1997,54.398509
1,Shrubland,GLU223,1998,54.614376
1,Shrubland,GLU223,1999,54.830243
1,Shrubland,GLU223,2000,55.04611
1,Shrubland,GLU223,2001,54.97057
1,Shrubland,GLU223,2002,55.25163
1,Shrubland,GLU223,2003,55.0734
1,Shrubland,GLU223,2004,55.2512
1,Shrubland,GLU223,2005,55.15585
1,Shrubland,GLU223,2006,55.39659
1,Shrubland,GLU223,2007,54.83934
1,Shrubland,GLU223,2008,54.38359
1,Shrubland,GLU223,2009,54.37088
1,Shrubland,GLU223,2010,55.36695
1,Shrubland,GLU223,2011,55.37894
1,Shrubland,GLU223,2012,54.86364
1,Shrubland,GLU223,2013,55.81505
1,Shrubland,GLU223,2014,55.0084
1,Shrubland,GLU223,2015,55.58149
8,Shrubland,GLU223,1700,1.12408
8,Shrubland,GLU223,1750,1.12408
8,Shrubland,GLU223,1800,1.12042
8,Shrubland,GLU223,1850,1.15048
8,Shrubland,GLU223,1900,1.07392
8,Shrubland,GLU223,1950,0.80292
8,Shrubland,GLU223,1971,0.991455
8,Shrubland,GLU223,1972,0.97888
8,Shrubland,GLU223,1973,0.966305
8,Shrubland,GLU223,1974,0.95373
8,Shrubland,GLU223,1975,0.941155
8,Shrubland,GLU223,1976,0.92858
8,Shrubland,GLU223,1977,0.916005
8,Shrubland,GLU223,1978,0.90343
8,Shrubland,GLU223,1979,0.890855
8,Shrubland,GLU223,1980,0.87828
8,Shrubland,GLU223,1981,0.882665
8,Shrubland,GLU223,1982,0.88705
8,Shrubland,GLU223,1983,0.891435
8,Shrubland,GLU223,1984,0.89582
8,Shrubland,GLU223,1985,0.900205
8,Shrubland,GLU223,1986,0.90459
8,Shrubland,GLU223,1987,0.908975
8,Shrubland,GLU223,1988,0.91336
8,Shrubland,GLU223,1989,0.917745
8,Shrubland,GLU223,1990,0.92213
8,Shrubland,GLU223,1991,0.920239
8,Shrubland,GLU223,1992,0.918348
8,Shrubland,GLU223,1993,0.916457
8,Shrubland,GLU223,1994,0.914566
8,Shrubland,GLU223,1995,0.912675
8,Shrubland,GLU223,1996,0.910784
8,Shrubland,GLU223,1997,0.908893
8,Shrubland,GLU223,1998,0.907002
8,Shrubland,GLU223,1999,0.905111
8,Shrubland,GLU223,2000,0.90322
8,Shrubland,GLU223,2001,0.90164
8,Shrubland,GLU223,2002,0.90142
8,Shrubland,GLU223,2003,0.90078
8,Shrubland,GLU223,2004,0.90013
8,Shrubland,GLU223,2005,0.89947
8,Shrubland,GLU223,2006,0.85701
8,Shrubland,GLU223,2007,0.8101
8,Shrubland,GLU223,2008,0.77003
8,Shrubland,GLU223,2009,0.75715
8,Shrubland,GLU223,2010,0.80141
8,Shrubland,GLU223,2011,0.77965
8,Shrubland,GLU223,2012,0.83623
8,Shrubland,GLU223,2013,0.81325
8,Shrubland,GLU223,2014,0.82015
8,Shrubland,GLU223,2015,0.86203
1,Grassland,GLU223,1700,998.55049
1,Grassland,GLU223,1750,988.52283
1,Grassland,GLU223,1800,963.88952
1,Grassland,GLU223,1850,924.50604
1,Grassland,GLU223,1900,438.30535
1,Grassland,GLU223,1950,37.93788
1,Grassland,GLU223,1971,62.679663
1,Grassland,GLU223,1972,64.141886
1,Grassland,GLU223,1973,65.604109
1,Grassland,GLU223,1974,67.066332
1,Grassland,GLU223,1975,68.528555
1,Grassland,GLU223,1976,69.990778
1,Grassland,GLU223,1977,71.453001
1,Grassland,GLU223,1978,72.915224
1,Grassland,GLU223,1979,74.377447
1,Grassland,GLU223,1980,75.83967
1,Grassland,GLU223,1981,74.282912
1,Grassland,GLU223,1982,72.726154
1,Grassland,GLU223,1983,71.169396
1,Grassland,GLU223,1984,69.612638
1,Grassland,GLU223,1985,68.05588
1,Grassland,GLU223,1986,66.499122
1,Grassland,GLU223,1987,64.942364
1,Grassland,GLU223,1988,63.385606
1,Grassland,GLU223,1989,61.828848
1,Grassland,GLU223,1990,60.27209
1,Grassland,GLU223,1991,65.817916
1,Grassland,GLU223,1992,71.363742
1,Grassland,GLU223,1993,76.909568
1,Grassland,GLU223,1994,82.455394
1,Grassland,GLU223,1995,88.00122
1,Grassland,GLU223,1996,93.547046
1,Grassland,GLU223,1997,99.092872
1,Grassland,GLU223,1998,104.638698
1,Grassland,GLU223,1999,110.184524
1,Grassland,GLU223,2000,115.73035
1,Grassland,GLU223,2001,114.2721
1,Grassland,GLU223,2002,118.11264
1,Grassland,GLU223,2003,115.41325
1,Grassland,GLU223,2004,120.01673
1,Grassland,GLU223,2005,118.53911
1,Grassland,GLU223,2006,123.50204
1,Grassland,GLU223,2007,114.77154
1,Grassland,GLU223,2008,109.38839
1,Grassland,GLU223,2009,110.25405
1,Grassland,GLU223,2010,124.21114
1,Grassland,GLU223,2011,127.01883
1,Grassland,GLU223,2012,118.4654
1,Grassland,GLU223,2013,134.41651
1,Grassland,GLU223,2014,121.45461
1,Grassland,GLU223,2015,134.16374
8,Grassland,GLU223,1700,27.15207
8,Grassland,GLU223,1750,27.15207
8,Grassland,GLU223,1800,27.01254
8,Grassland,GLU223,1850,26.15982
8,Grassland,GLU223,1900,23.39637
8,Grassland,GLU223,1950,5.69609
8,Grassland,GLU223,1971,3.078132
8,Grassland,GLU223,1972,3.158854
8,Grassland,GLU223,1973,3.239576
8,Grassland,GLU223,1974,3.320298
8,Grassland,GLU223,1975,3.40102
8,Grassland,GLU223,1976,3.481742
8,Grassland,GLU223,1977,3.562464
8,Grassland,GLU223,1978,3.643186
8,Grassland,GLU223,1979,3.723908
8,Grassland,GLU223,1980,3.80463
8,Grassland,GLU223,1981,3.781405
8,Grassland,GLU223,1982,3.75818
8,Grassland,GLU223,1983,3.734955
8,Grassland,GLU223,1984,3.71173
8,Grassland,GLU223,1985,3.688505
8,Grassland,GLU223,1986,3.66528
8,Grassland,GLU223,1987,3.642055
8,Grassland,GLU223,1988,3.61883
8,Grassland,GLU223,1989,3.595605
8,Grassland,GLU223,1990,3.57238
8,Grassland,GLU223,1991,3.623861
8,Grassland,GLU223,1992,3.675342
8,Grassland,GLU223,1993,3.726823
8,Grassland,GLU223,1994,3.778304
8,Grassland,GLU223,1995,3.829785
8,Grassland,GLU223,1996,3.881266
8,Grassland,GLU223,1997,3.932747
8,Grassland,GLU223,1998,3.984228
8,Grassland,GLU223,1999,4.035709
8,Grassland,GLU223,2000,4.08719
8,Grassland,GLU223,2001,4.14655
8,Grassland,GLU223,2002,4.14535
8,Grassland,GLU223,2003,4.1146
8,Grassland,GLU223,2004,4.14206
8,Grassland,GLU223,2005,4.14048
8,Grassland,GLU223,2006,4.19251
8,Grassland,GLU223,2007,4.35081
8,Grassland,GLU223,2008,4.54362
8,Grassland,GLU223,2009,4.68543
8,Grassland,GLU223,2010,5.44873
8,Grassland,GLU223,2011,5.70079
8,Grassland,GLU223,2012,5.21662
8,Grassland,GLU223,2013,5.84857
8,Grassland,GLU223,2014,6.02926
8,Grassland,GLU223,2015,6.02243
1,UnmanagedPasture,GLU223,1700,9.4381602
1,UnmanagedPasture,GLU223,1750,20.6827158
1,UnmanagedPasture,GLU223,1800,52.6522282
1,UnmanagedPasture,GLU223,1850,88.6317045
1,UnmanagedPasture,GLU223,1900,390.2661713
1,UnmanagedPasture,GLU223,1950,664.2478569
1,UnmanagedPasture,GLU223,1971,609.5844846
1,UnmanagedPasture,GLU223,1972,608.1582728
1,UnmanagedPasture,GLU223,1973,606.6037045
1,UnmanagedPasture,GLU223,1974,604.502709
1,UnmanagedPasture,GLU223,1975,602.7403761
1,UnmanagedPasture,GLU223,1976,600.9662093
1,UnmanagedPasture,GLU223,1977,600.527338
1,UnmanagedPasture,GLU223,1978,600.0303578
1,UnmanagedPasture,GLU223,1979,600.0892199
1,UnmanagedPasture,GLU223,1980,599.937135
1,UnmanagedPasture,GLU223,1981,600.6759461
1,UnmanagedPasture,GLU223,1982,600.6209269
1,UnmanagedPasture,GLU223,1983,603.987349
1,UnmanagedPasture,GLU223,1984,607.1904853
1,UnmanagedPasture,GLU223,1985,611.2087559
1,UnmanagedPasture,GLU223,1986,614.8227052
1,UnmanagedPasture,GLU223,1987,618.3474463
1,UnmanagedPasture,GLU223,1988,617.9300242
1,UnmanagedPasture,GLU223,1989,618.3760493
1,UnmanagedPasture,GLU223,1990,617.4123878
1,UnmanagedPasture,GLU223,1991,617.3744339
1,UnmanagedPasture,GLU223,1992,615.8905471
1,UnmanagedPasture,GLU223,1993,614.275858
1,UnmanagedPasture,GLU223,1994,612.8031658
1,UnmanagedPasture,GLU223,1995,611.1843842
1,UnmanagedPasture,GLU223,1996,609.0571117
1,UnmanagedPasture,GLU223,1997,608.5320509
1,UnmanagedPasture,GLU223,1998,609.2052596
1,UnmanagedPasture,GLU223,1999,609.604847
1,UnmanagedPasture,GLU223,2000,611.7768545
1,UnmanagedPasture,GLU223,2001,615.6187514
1,UnmanagedPasture,GLU223,2002,619.9427404
1,UnmanagedPasture,GLU223,2003,628.5252326
1,UnmanagedPasture,GLU223,2004,636.6664109
1,UnmanagedPasture,GLU223,2005,643.866369
1,UnmanagedPasture,GLU223,2006,649.9721558
1,UnmanagedPasture,GLU223,2007,655.4510497
1,UnmanagedPasture,GLU223,2008,656.7182393
1,UnmanagedPasture,GLU223,2009,656.9192701
1,UnmanagedPasture,GLU223,2010,656.620233
1,UnmanagedPasture,GLU223,2011,657.7959931
1,UnmanagedPasture,GLU223,2012,658.8687304
1,UnmanagedPasture,GLU223,2013,659.3552115
1,UnmanagedPasture,GLU223,2014,660.8680367
1,UnmanagedPasture,GLU223,2015,662.3904991
8,UnmanagedPasture,GLU223,1700,0
8,UnmanagedPasture,GLU223,1750,0
8,UnmanagedPasture,GLU223,1800,0.1443984
8,UnmanagedPasture,GLU223,1850,1.0295466
8,UnmanagedPasture,GLU223,1900,3.6282496
8,UnmanagedPasture,GLU223,1950,14.1306311
8,UnmanagedPasture,GLU223,1971,14.3523343
8,UnmanagedPasture,GLU223,1972,14.341015
8,UnmanagedPasture,GLU223,1973,14.2877432
8,UnmanagedPasture,GLU223,1974,14.2614146
8,UnmanagedPasture,GLU223,1975,14.245899
8,UnmanagedPasture,GLU223,1976,14.244907
8,UnmanagedPasture,GLU223,1977,14.2781991
8,UnmanagedPasture,GLU223,1978,14.294862
8,UnmanagedPasture,GLU223,1979,14.3239362
8,UnmanagedPasture,GLU223,1980,14.3407911
8,UnmanagedPasture,GLU223,1981,14.3180907
8,UnmanagedPasture,GLU223,1982,14.2863351
8,UnmanagedPasture,GLU223,1983,14.0356457
8,UnmanagedPasture,GLU223,1984,13.7770932
8,UnmanagedPasture,GLU223,1985,13.5451826
8,UnmanagedPasture,GLU223,1986,13.3095809
8,UnmanagedPasture,GLU223,1987,13.0583234
8,UnmanagedPasture,GLU223,1988,13.0753917
8,UnmanagedPasture,GLU223,1989,13.1015819
8,UnmanagedPasture,GLU223,1990,13.1046612
8,UnmanagedPasture,GLU223,1991,13.0936831
8,UnmanagedPasture,GLU223,1992,13.0741563
8,UnmanagedPasture,GLU223,1993,13.0358893
8,UnmanagedPasture,GLU223,1994,12.970214
8,UnmanagedPasture,GLU223,1995,12.8950524
8,UnmanagedPasture,GLU223,1996,12.7910807
8,UnmanagedPasture,GLU223,1997,12.680504
8,UnmanagedPasture,GLU223,1998,12.5777719
8,UnmanagedPasture,GLU223,1999,12.495068
8,UnmanagedPasture,GLU223,2000,12.4230714
8,UnmanagedPasture,GLU223,2001,12.393345
8,UnmanagedPasture,GLU223,2002,12.3658051
8,UnmanagedPasture,GLU223,2003,12.3490259
8,UnmanagedPasture,GLU223,2004,12.3596508
8,UnmanagedPasture,GLU223,2005,12.3857588
8,UnmanagedPasture,GLU223,2006,12.3833811
8,UnmanagedPasture,GLU223,2007,12.3047561
8,UnmanagedPasture,GLU223,2008,12.2137289
8,UnmanagedPasture,GLU223,2009,12.1208881
8,UnmanagedPasture,GLU223,2010,12.0337739
8,UnmanagedPasture,GLU223,2011,11.9487648
8,UnmanagedPasture,GLU223,2012,11.8970979
8,UnmanagedPasture,GLU223,2013,11.7952034
8,UnmanagedPasture,GLU223,2014,11.6922512
8,UnmanagedPasture,GLU223,2015,11.5763846
1,UnmanagedForest,GLU223,1700,131.9531176
1,UnmanagedForest,GLU223,1750,131.5418771
1,UnmanagedForest,GLU223,1800,129.4957266
1,UnmanagedForest,GLU223,1850,125.1998678
1,UnmanagedForest,GLU223,1900,96.1185321
1,UnmanagedForest,GLU223,1950,69.8025833
1,UnmanagedForest,GLU223,1971,60.7818748
1,UnmanagedForest,GLU223,1972,60.6698474
1,UnmanagedForest,GLU223,1973,60.9041482
1,UnmanagedForest,GLU223,1974,60.9326635
1,UnmanagedForest,GLU223,1975,60.8607013
1,UnmanagedForest,GLU223,1976,60.5018363
1,UnmanagedForest,GLU223,1977,60.0111835
1,UnmanagedForest,GLU223,1978,59.3989341
1,UnmanagedForest,GLU223,1979,59.0893598
1,UnmanagedForest,GLU223,1980,58.8357181
1,UnmanagedForest,GLU223,1981,58.6201877
1,UnmanagedForest,GLU223,1982,58.2765689
1,UnmanagedForest,GLU223,1983,57.8376027
1,UnmanagedForest,GLU223,1984,57.0422312
1,UnmanagedForest,GLU223,1985,56.2243995
1,UnmanagedForest,GLU223,1986,55.7336409
1,UnmanagedForest,GLU223,1987,55.4948894
1,UnmanagedForest,GLU223,1988,55.089063
1,UnmanagedForest,GLU223,1989,55.1546659
1,UnmanagedForest,GLU223,1990,55.3221157
1,UnmanagedForest,GLU223,1991,55.6675777
1,UnmanagedForest,GLU223,1992,56.0103558
1,UnmanagedForest,GLU223,1993,56.4836725
1,UnmanagedForest,GLU223,1994,56.8784231
1,UnmanagedForest,GLU223,1995,57.1825753
1,UnmanagedForest,GLU223,1996,57.3258231
1,UnmanagedForest,GLU223,1997,57.4936683
1,UnmanagedForest,GLU223,1998,57.6571653
1,UnmanagedForest,GLU223,1999,57.897007
1,UnmanagedForest,GLU223,2000,58.1749914
1,UnmanagedForest,GLU223,2001,58.3616992
1,UnmanagedForest,GLU223,2002,58.7292032
1,UnmanagedForest,GLU223,2003,58.9584936
1,UnmanagedForest,GLU223,2004,59.4318445
1,UnmanagedForest,GLU223,2005,60.0085524
1,UnmanagedForest,GLU223,2006,61.2650671
1,UnmanagedForest,GLU223,2007,62.2335338
1,UnmanagedForest,GLU223,2008,62.7806691
1,UnmanagedForest,GLU223,2009,63.3170136
1,UnmanagedForest,GLU223,2010,64.707292
1,UnmanagedForest,GLU223,2011,64.7873219
1,UnmanagedForest,GLU223,2012,63.7639198
1,UnmanagedForest,GLU223,2013,64.5205899
1,UnmanagedForest,GLU223,2014,63.8993668
1,UnmanagedForest,GLU223,2015,64.6187123
8,UnmanagedForest,GLU223,1700,0.4472105
8,UnmanagedForest,GLU223,1750,0.4470316
8,UnmanagedForest,GLU223,1800,0.4450126
8,UnmanagedForest,GLU223,1850,0.3773872
8,UnmanagedForest,GLU223,1900,0.3446648
8,UnmanagedForest,GLU223,1950,0.3208499
8,UnmanagedForest,GLU223,1971,0.2945656
8,UnmanagedForest,GLU223,1972,0.2912192
8,UnmanagedForest,GLU223,1973,0.2884161
8,UnmanagedForest,GLU223,1974,0.285001
8,UnmanagedForest,GLU223,1975,0.2815563
8,UnmanagedForest,GLU223,1976,0.2783503
8,UnmanagedForest,GLU223,1977,0.2748628
8,UnmanagedForest,GLU223,1978,0.2710194
8,UnmanagedForest,GLU223,1979,0.267977
8,UnmanagedForest,GLU223,1980,0.2654571
8,UnmanagedForest,GLU223,1981,0.2653007
8,UnmanagedForest,GLU223,1982,0.2650112
8,UnmanagedForest,GLU223,1983,0.2645606
8,UnmanagedForest,GLU223,1984,0.2636808
8,UnmanagedForest,GLU223,1985,0.2620976
8,UnmanagedForest,GLU223,1986,0.2611711
8,UnmanagedForest,GLU223,1987,0.2605599
8,UnmanagedForest,GLU223,1988,0.2605474
8,UnmanagedForest,GLU223,1989,0.2607656
8,UnmanagedForest,GLU223,1990,0.261089
8,UnmanagedForest,GLU223,1991,0.2561477
8,UnmanagedForest,GLU223,1992,0.2509942
8,UnmanagedForest,GLU223,1993,0.2451847
8,UnmanagedForest,GLU223,1994,0.2393292
8,UnmanagedForest,GLU223,1995,0.2336703
8,UnmanagedForest,GLU223,1996,0.2284277
8,UnmanagedForest,GLU223,1997,0.2229972
8,UnmanagedForest,GLU223,1998,0.2175251
8,UnmanagedForest,GLU223,1999,0.2123814
8,UnmanagedForest,GLU223,2000,0.2070387
8,UnmanagedForest,GLU223,2001,0.2095485
8,UnmanagedForest,GLU223,2002,0.209102
8,UnmanagedForest,GLU223,2003,0.235686
8,UnmanagedForest,GLU223,2004,0.208655
8,UnmanagedForest,GLU223,2005,0.2090133
8,UnmanagedForest,GLU223,2006,0.1976929
8,UnmanagedForest,GLU223,2007,0.2263745
8,UnmanagedForest,GLU223,2008,0.2166271
8,UnmanagedForest,GLU223,2009,0.2287833
8,UnmanagedForest,GLU223,2010,0.2408188
8,UnmanagedForest,GLU223,2011,0.238951
8,UnmanagedForest,GLU223,2012,0.2399849
8,UnmanagedForest,GLU223,2013,0.2486381
8,UnmanagedForest,GLU223,2014,0.2533132
8,UnmanagedForest,GLU223,2015,0.2471844
1,Pasture,GLU223,1971,26.3942014
1,Pasture,GLU223,1972,26.6754792
1,Pasture,GLU223,1973,27.0851135
1,Pasture,GLU223,1974,28.041175
1,Pasture,GLU223,1975,28.6585739
1,Pasture,GLU223,1976,29.2878067
1,Pasture,GLU223,1977,28.581744
1,Pasture,GLU223,1978,27.9337902
1,Pasture,GLU223,1979,26.7299941
1,Pasture,GLU223,1980,25.737145
1,Pasture,GLU223,1981,25.0398179
1,Pasture,GLU223,1982,25.1363211
1,Pasture,GLU223,1983,21.811383
1,Pasture,GLU223,1984,18.6497307
1,Pasture,GLU223,1985,14.6729441
1,Pasture,GLU223,1986,11.1004788
1,Pasture,GLU223,1987,7.6172217
1,Pasture,GLU223,1988,8.0761278
1,Pasture,GLU223,1989,7.6715867
1,Pasture,GLU223,1990,8.6767322
1,Pasture,GLU223,1991,8.6288791
1,Pasture,GLU223,1992,10.0269589
1,Pasture,GLU223,1993,11.555841
1,Pasture,GLU223,1994,12.9427262
1,Pasture,GLU223,1995,14.4757008
1,Pasture,GLU223,1996,16.5171663
1,Pasture,GLU223,1997,16.9564201
1,Pasture,GLU223,1998,16.1974044
1,Pasture,GLU223,1999,15.71201
1,Pasture,GLU223,2000,13.4541955
1,Pasture,GLU223,2001,10.9695186
1,Pasture,GLU223,2002,8.0022996
1,Pasture,GLU223,2003,5.2498074
1,Pasture,GLU223,2004,2.9390091
1,Pasture,GLU223,2005,1.569461
1,Pasture,GLU223,2006,1.2957142
1,Pasture,GLU223,2007,1.6467303
1,Pasture,GLU223,2008,1.7606407
1,Pasture,GLU223,2009,2.8818499
1,Pasture,GLU223,2010,4.033667
1,Pasture,GLU223,2011,4.6506069
1,Pasture,GLU223,2012,5.1611096
1,Pasture,GLU223,2013,5.9454485
1,Pasture,GLU223,2014,5.8418633
1,Pasture,GLU223,2015,5.7394709
8,Pasture,GLU223,1971,0.0627787
8,Pasture,GLU223,1972,0.068661
8,Pasture,GLU223,1973,0.1164958
8,Pasture,GLU223,1974,0.1373874
8,Pasture,GLU223,1975,0.147466
8,Pasture,GLU223,1976,0.143021
8,Pasture,GLU223,1977,0.1042919
8,Pasture,GLU223,1978,0.082192
8,Pasture,GLU223,1979,0.0476808
8,Pasture,GLU223,1980,0.0253889
8,Pasture,GLU223,1981,0.0471263
8,Pasture,GLU223,1982,0.0779189
8,Pasture,GLU223,1983,0.3276453
8,Pasture,GLU223,1984,0.5852348
8,Pasture,GLU223,1985,0.8161824
8,Pasture,GLU223,1986,1.0508211
8,Pasture,GLU223,1987,1.3011156
8,Pasture,GLU223,1988,1.2830843
8,Pasture,GLU223,1989,1.2559311
8,Pasture,GLU223,1990,1.2518888
8,Pasture,GLU223,1991,1.2209379
8,Pasture,GLU223,1992,1.1985357
8,Pasture,GLU223,1993,1.1948737
8,Pasture,GLU223,1994,1.21862
8,Pasture,GLU223,1995,1.2518526
8,Pasture,GLU223,1996,1.3138953
8,Pasture,GLU223,1997,1.382543
8,Pasture,GLU223,1998,1.4433461
8,Pasture,GLU223,1999,1.484121
8,Pasture,GLU223,2000,1.5141886
8,Pasture,GLU223,2001,1.504485
8,Pasture,GLU223,2002,1.5404549
8,Pasture,GLU223,2003,1.5665941
8,Pasture,GLU223,2004,1.5653292
8,Pasture,GLU223,2005,1.5485912
8,Pasture,GLU223,2006,1.5611889
8,Pasture,GLU223,2007,1.5068539
8,Pasture,GLU223,2008,1.4648711
8,Pasture,GLU223,2009,1.4247319
8,Pasture,GLU223,2010,1.3788761
8,Pasture,GLU223,2011,1.3305452
8,Pasture,GLU223,2012,1.2891721
8,Pasture,GLU223,2013,1.2443366
8,Pasture,GLU223,2014,1.2238388
8,Pasture,GLU223,2015,1.2174254
1,Pasture,GLU223,1700,0.4086598
1,Pasture,GLU223,1750,0.8955342
1,Pasture,GLU223,1800,2.2797718
1,Pasture,GLU223,1850,3.8376355
1,Pasture,GLU223,1900,16.8980087
1,Pasture,GLU223,1950,28.7610531
8,Pasture,GLU223,1700,0
8,Pasture,GLU223,1750,0
8,Pasture,GLU223,1800,6.32E-04
8,Pasture,GLU223,1850,0.0045034
8,Pasture,GLU223,1900,0.0158704
8,Pasture,GLU223,1950,0.0618089
1,Forest,GLU223,1700,0.0887224
1,Forest,GLU223,1750,0.3645129
1,Forest,GLU223,1800,0.6403034
1,Forest,GLU223,1850,1.7651222
1,Forest,GLU223,1900,5.6730479
1,Forest,GLU223,1950,11.3310367
8,Forest,GLU223,1700,1.40E-04
8,Forest,GLU223,1750,3.18E-04
8,Forest,GLU223,1800,4.97E-04
8,Forest,GLU223,1850,0.0017328
8,Forest,GLU223,1900,0.0038052
8,Forest,GLU223,1950,0.0097701
1,Forest,GLU223,1971,15.0649012
1,Forest,GLU223,1972,15.2097246
1,Forest,GLU223,1973,15.0082198
1,Forest,GLU223,1974,15.0125005
1,Forest,GLU223,1975,15.1172587
1,Forest,GLU223,1976,15.5089197
1,Forest,GLU223,1977,16.0323685
1,Forest,GLU223,1978,16.6774139
1,Forest,GLU223,1979,17.0197842
1,Forest,GLU223,1980,17.3062219
1,Forest,GLU223,1981,17.5584283
1,Forest,GLU223,1982,17.9387231
1,Forest,GLU223,1983,18.4143653
1,Forest,GLU223,1984,19.2464128
1,Forest,GLU223,1985,20.1009205
1,Forest,GLU223,1986,20.6283551
1,Forest,GLU223,1987,20.9037826
1,Forest,GLU223,1988,21.346285
1,Forest,GLU223,1989,21.3173581
1,Forest,GLU223,1990,21.1865843
1,Forest,GLU223,1991,21.0354263
1,Forest,GLU223,1992,20.8869522
1,Forest,GLU223,1993,20.6079395
1,Forest,GLU223,1994,20.4074929
1,Forest,GLU223,1995,20.2976447
1,Forest,GLU223,1996,20.3487009
1,Forest,GLU223,1997,20.3751597
1,Forest,GLU223,1998,20.4059667
1,Forest,GLU223,1999,20.360429
1,Forest,GLU223,2000,20.2767486
1,Forest,GLU223,2001,20.0976508
1,Forest,GLU223,2002,20.0451168
1,Forest,GLU223,2003,20.0770464
1,Forest,GLU223,2004,20.1618055
1,Forest,GLU223,2005,20.0100776
1,Forest,GLU223,2006,19.4446129
1,Forest,GLU223,2007,18.3036862
1,Forest,GLU223,2008,17.4931409
1,Forest,GLU223,2009,16.9300464
1,Forest,GLU223,2010,16.667998
1,Forest,GLU223,2011,16.8222481
1,Forest,GLU223,2012,17.3974202
1,Forest,GLU223,2013,17.6232001
1,Forest,GLU223,2014,17.6324332
1,Forest,GLU223,2015,17.7948077
8,Forest,GLU223,1971,0.0154544
8,Forest,GLU223,1972,0.0156908
8,Forest,GLU223,1973,0.0153839
8,Forest,GLU223,1974,0.015689
8,Forest,GLU223,1975,0.0160237
8,Forest,GLU223,1976,0.0161197
8,Forest,GLU223,1977,0.0164972
8,Forest,GLU223,1978,0.0172306
8,Forest,GLU223,1979,0.017163
8,Forest,GLU223,1980,0.0165729
8,Forest,GLU223,1981,0.0165623
8,Forest,GLU223,1982,0.0166848
8,Forest,GLU223,1983,0.0169684
8,Forest,GLU223,1984,0.0176812
8,Forest,GLU223,1985,0.0190974
8,Forest,GLU223,1986,0.0198569
8,Forest,GLU223,1987,0.0203011
8,Forest,GLU223,1988,0.0201466
8,Forest,GLU223,1989,0.0197614
8,Forest,GLU223,1990,0.019271
8,Forest,GLU223,1991,0.0185723
8,Forest,GLU223,1992,0.0180858
8,Forest,GLU223,1993,0.0182553
8,Forest,GLU223,1994,0.0184708
8,Forest,GLU223,1995,0.0184897
8,Forest,GLU223,1996,0.0180923
8,Forest,GLU223,1997,0.0178828
8,Forest,GLU223,1998,0.0177149
8,Forest,GLU223,1999,0.0172186
8,Forest,GLU223,2000,0.0169213
8,Forest,GLU223,2001,0.0171815
8,Forest,GLU223,2002,0.017418
8,Forest,GLU223,2003,0.019664
8,Forest,GLU223,2004,0.017375
8,Forest,GLU223,2005,0.0167567
8,Forest,GLU223,2006,0.0151171
8,Forest,GLU223,2007,0.0154255
8,Forest,GLU223,2008,0.0135729
8,Forest,GLU223,2009,0.0136067
8,Forest,GLU223,2010,0.0139312
8,Forest,GLU223,2011,0.014089
8,Forest,GLU223,2012,0.0149751
8,Forest,GLU223,2013,0.0157919
8,Forest,GLU223,2014,0.0161768
8,Forest,GLU223,2015,0.0159456
1,UrbanLand,GLU223,1700,0.00209
1,UrbanLand,GLU223,1750,0.00651
1,UrbanLand,GLU223,1800,0.01428
1,UrbanLand,GLU223,1850,0.11578
1,UrbanLand,GLU223,1900,1.28114
1,UrbanLand,GLU223,1950,2.19985
1,UrbanLand,GLU223,1971,3.049603
1,UrbanLand,GLU223,1972,3.086316
1,UrbanLand,GLU223,1973,3.123029
1,UrbanLand,GLU223,1974,3.159742
1,UrbanLand,GLU223,1975,3.196455
1,UrbanLand,GLU223,1976,3.233168
1,UrbanLand,GLU223,1977,3.269881
1,UrbanLand,GLU223,1978,3.306594
1,UrbanLand,GLU223,1979,3.343307
1,UrbanLand,GLU223,1980,3.38002
1,UrbanLand,GLU223,1981,3.414487
1,UrbanLand,GLU223,1982,3.448954
1,UrbanLand,GLU223,1983,3.483421
1,UrbanLand,GLU223,1984,3.517888
1,UrbanLand,GLU223,1985,3.552355
1,UrbanLand,GLU223,1986,3.586822
1,UrbanLand,GLU223,1987,3.621289
1,UrbanLand,GLU223,1988,3.655756
1,UrbanLand,GLU223,1989,3.690223
1,UrbanLand,GLU223,1990,3.72469
1,UrbanLand,GLU223,1991,3.804306
1,UrbanLand,GLU223,1992,3.883922
1,UrbanLand,GLU223,1993,3.963538
1,UrbanLand,GLU223,1994,4.043154
1,UrbanLand,GLU223,1995,4.12277
1,UrbanLand,GLU223,1996,4.202386
1,UrbanLand,GLU223,1997,4.282002
1,UrbanLand,GLU223,1998,4.361618
1,UrbanLand,GLU223,1999,4.441234
1,UrbanLand,GLU223,2000,4.52085
1,UrbanLand,GLU223,2001,4.58627
1,UrbanLand,GLU223,2002,4.65203
1,UrbanLand,GLU223,2003,4.71852
1,UrbanLand,GLU223,2004,4.78489
1,UrbanLand,GLU223,2005,4.85223
1,UrbanLand,GLU223,2006,4.91946
1,UrbanLand,GLU223,2007,4.98664
1,UrbanLand,GLU223,2008,5.05575
1,UrbanLand,GLU223,2009,5.12486
1,UrbanLand,GLU223,2010,5.1944
1,UrbanLand,GLU223,2011,5.2688
1,UrbanLand,GLU223,2012,5.34054
1,UrbanLand,GLU223,2013,5.41209
1,UrbanLand,GLU223,2014,5.48422
1,UrbanLand,GLU223,2015,5.5577
8,UrbanLand,GLU223,1700,0
8,UrbanLand,GLU223,1750,0
8,UrbanLand,GLU223,1800,0
8,UrbanLand,GLU223,1850,0
8,UrbanLand,GLU223,1900,3.00E-05
8,UrbanLand,GLU223,1950,2.70E-04
8,UrbanLand,GLU223,1971,3.61E-04
8,UrbanLand,GLU223,1972,3.62E-04
8,UrbanLand,GLU223,1973,3.63E-04
8,UrbanLand,GLU223,1974,3.64E-04
8,UrbanLand,GLU223,1975,3.65E-04
8,UrbanLand,GLU223,1976,3.66E-04
8,UrbanLand,GLU223,1977,3.67E-04
8,UrbanLand,GLU223,1978,3.68E-04
8,UrbanLand,GLU223,1979,3.69E-04
8,UrbanLand,GLU223,1980,3.70E-04
8,UrbanLand,GLU223,1981,3.64E-04
8,UrbanLand,GLU223,1982,3.58E-04
8,UrbanLand,GLU223,1983,3.52E-04
8,UrbanLand,GLU223,1984,3.46E-04
8,UrbanLand,GLU223,1985,3.40E-04
8,UrbanLand,GLU223,1986,3.34E-04
8,UrbanLand,GLU223,1987,3.28E-04
8,UrbanLand,GLU223,1988,3.22E-04
8,UrbanLand,GLU223,1989,3.16E-04
8,UrbanLand,GLU223,1990,3.10E-04
8,UrbanLand,GLU223,1991,3.14E-04
8,UrbanLand,GLU223,1992,3.18E-04
8,UrbanLand,GLU223,1993,3.22E-04
8,UrbanLand,GLU223,1994,3.26E-04
8,UrbanLand,GLU223,1995,3.30E-04
8,UrbanLand,GLU223,1996,3.34E-04
8,UrbanLand,GLU223,1997,3.38E-04
8,UrbanLand,GLU223,1998,3.42E-04
8,UrbanLand,GLU223,1999,3.46E-04
8,UrbanLand,GLU223,2000,3.50E-04
8,UrbanLand,GLU223,2001,3.00E-04
8,UrbanLand,GLU223,2002,3.10E-04
8,UrbanLand,GLU223,2003,3.10E-04
8,UrbanLand,GLU223,2004,3.10E-04
8,UrbanLand,GLU223,2005,3.10E-04
8,UrbanLand,GLU223,2006,3.10E-04
8,UrbanLand,GLU223,2007,3.10E-04
8,UrbanLand,GLU223,2008,3.20E-04
8,UrbanLand,GLU223,2009,3.20E-04
8,UrbanLand,GLU223,2010,3.20E-04
8,UrbanLand,GLU223,2011,3.20E-04
8,UrbanLand,GLU223,2012,3.20E-04
8,UrbanLand,GLU223,2013,3.30E-04
8,UrbanLand,GLU223,2014,3.30E-04
8,UrbanLand,GLU223,2015,3.30E-04
1,Tundra,GLU223,1700,1.21972
1,Tundra,GLU223,1750,1.09486
1,Tundra,GLU223,1800,1.09061
1,Tundra,GLU223,1850,1.08603
1,Tundra,GLU223,1900,1.16087
1,Tundra,GLU223,1950,1.11941
1,Tundra,GLU223,1971,0.998487
1,Tundra,GLU223,1972,0.998224
1,Tundra,GLU223,1973,0.997961
1,Tundra,GLU223,1974,0.997698
1,Tundra,GLU223,1975,0.997435
1,Tundra,GLU223,1976,0.997172
1,Tundra,GLU223,1977,0.996909
1,Tundra,GLU223,1978,0.996646
1,Tundra,GLU223,1979,0.996383
1,Tundra,GLU223,1980,0.99612
1,Tundra,GLU223,1981,0.994152
1,Tundra,GLU223,1982,0.992184
1,Tundra,GLU223,1983,0.990216
1,Tundra,GLU223,1984,0.988248
1,Tundra,GLU223,1985,0.98628
1,Tundra,GLU223,1986,0.984312
1,Tundra,GLU223,1987,0.982344
1,Tundra,GLU223,1988,0.980376
1,Tundra,GLU223,1989,0.978408
1,Tundra,GLU223,1990,0.97644
1,Tundra,GLU223,1991,0.979089
1,Tundra,GLU223,1992,0.981738
1,Tundra,GLU223,1993,0.984387
1,Tundra,GLU223,1994,0.987036
1,Tundra,GLU223,1995,0.989685
1,Tundra,GLU223,1996,0.992334
1,Tundra,GLU223,1997,0.994983
1,Tundra,GLU223,1998,0.997632
1,Tundra,GLU223,1999,1.000281
1,Tundra,GLU223,2000,1.00293
1,Tundra,GLU223,2001,1.00225
1,Tundra,GLU223,2002,1.00511
1,Tundra,GLU223,2003,1.00331
1,Tundra,GLU223,2004,1.00427
1,Tundra,GLU223,2005,1.00431
1,Tundra,GLU223,2006,1.00342
1,Tundra,GLU223,2007,1.00042
1,Tundra,GLU223,2008,0.99835
1,Tundra,GLU223,2009,0.99328
1,Tundra,GLU223,2010,1.00142
1,Tundra,GLU223,2011,0.99737
1,Tundra,GLU223,2012,1.00135
1,Tundra,GLU223,2013,1.0157
1,Tundra,GLU223,2014,1.04759
1,Tundra,GLU223,2015,1.01577
1,HarvCropLand,GLU223,1700,0
1,HarvCropLand,GLU223,1750,0
1,HarvCropLand,GLU223,1800,0
1,HarvCropLand,GLU223,1850,0
1,HarvCropLand,GLU223,1900,0
1,HarvCropLand,GLU223,1950,0
1,HarvCropLand,GLU223,1971,295.580009
1,HarvCropLand,GLU223,1972,303.6326915
1,HarvCropLand,GLU223,1973,314.221438
1,HarvCropLand,GLU223,1974,321.9084743
1,HarvCropLand,GLU223,1975,333.3666646
1,HarvCropLand,GLU223,1976,336.2713106
1,HarvCropLand,GLU223,1977,339.9654235
1,HarvCropLand,GLU223,1978,341.7079606
1,HarvCropLand,GLU223,1979,347.3422151
1,HarvCropLand,GLU223,1980,351.9873331
1,HarvCropLand,GLU223,1981,346.9944372
1,HarvCropLand,GLU223,1982,347.7761354
1,HarvCropLand,GLU223,1983,344.9382626
1,HarvCropLand,GLU223,1984,334.8929047
1,HarvCropLand,GLU223,1985,319.8370035
1,HarvCropLand,GLU223,1986,315.6012619
1,HarvCropLand,GLU223,1987,307.1264139
1,HarvCropLand,GLU223,1988,301.0433354
1,HarvCropLand,GLU223,1989,296.97795
1,HarvCropLand,GLU223,1990,299.1074523
1,HarvCropLand,GLU223,1991,300.7949882
1,HarvCropLand,GLU223,1992,299.2142327
1,HarvCropLand,GLU223,1993,295.8631117
1,HarvCropLand,GLU223,1994,297.6489523
1,HarvCropLand,GLU223,1995,297.807521
1,HarvCropLand,GLU223,1996,298.9281953
1,HarvCropLand,GLU223,1997,297.9584292
1,HarvCropLand,GLU223,1998,299.2643976
1,HarvCropLand,GLU223,1999,295.1791993
1,HarvCropLand,GLU223,2000,291.7296011
1,HarvCropLand,GLU223,2001,291.2132861
1,HarvCropLand,GLU223,2002,290.3965824
1,HarvCropLand,GLU223,2003,289.3905262
1,HarvCropLand,GLU223,2004,288.1189319
1,HarvCropLand,GLU223,2005,289.9486301
1,HarvCropLand,GLU223,2006,289.960284
1,HarvCropLand,GLU223,2007,289.1101991
1,HarvCropLand,GLU223,2008,287.843363
1,HarvCropLand,GLU223,2009,286.9613722
1,HarvCropLand,GLU223,2010,285.9820607
1,HarvCropLand,GLU223,2011,283.5967495
1,HarvCropLand,GLU223,2012,284.0535359
1,HarvCropLand,GLU223,2013,285.3074959
1,HarvCropLand,GLU223,2014,287.973587
1,HarvCropLand,GLU223,2015,287.2780193
8,HarvCropLand,GLU223,1700,0
8,HarvCropLand,GLU223,1750,0
8,HarvCropLand,GLU223,1800,0
8,HarvCropLand,GLU223,1850,0
8,HarvCropLand,GLU223,1900,0
8,HarvCropLand,GLU223,1950,0
8,HarvCropLand,GLU223,1971,4.0422627
8,HarvCropLand,GLU223,1972,3.9858484
8,HarvCropLand,GLU223,1973,4.2014591
8,HarvCropLand,GLU223,1974,4.318467
8,HarvCropLand,GLU223,1975,4.3945863
8,HarvCropLand,GLU223,1976,4.4314061
8,HarvCropLand,GLU223,1977,4.5089218
8,HarvCropLand,GLU223,1978,4.5943069
8,HarvCropLand,GLU223,1979,4.6871814
8,HarvCropLand,GLU223,1980,4.8269456
8,HarvCropLand,GLU223,1981,4.9783044
8,HarvCropLand,GLU223,1982,5.1283422
8,HarvCropLand,GLU223,1983,5.2206956
8,HarvCropLand,GLU223,1984,5.26854
8,HarvCropLand,GLU223,1985,5.2690648
8,HarvCropLand,GLU223,1986,5.1927374
8,HarvCropLand,GLU223,1987,5.1736148
8,HarvCropLand,GLU223,1988,5.1878608
8,HarvCropLand,GLU223,1989,5.1531492
8,HarvCropLand,GLU223,1990,5.12342
8,HarvCropLand,GLU223,1991,5.1142568
8,HarvCropLand,GLU223,1992,5.0117899
8,HarvCropLand,GLU223,1993,4.9228237
8,HarvCropLand,GLU223,1994,4.8888645
8,HarvCropLand,GLU223,1995,4.8724224
8,HarvCropLand,GLU223,1996,4.8641024
8,HarvCropLand,GLU223,1997,4.8587103
8,HarvCropLand,GLU223,1998,4.8919825
8,HarvCropLand,GLU223,1999,4.8668102
8,HarvCropLand,GLU223,2000,4.6869305
8,HarvCropLand,GLU223,2001,4.6658805
8,HarvCropLand,GLU223,2002,4.6168168
8,HarvCropLand,GLU223,2003,4.5193888
8,HarvCropLand,GLU223,2004,4.4426606
8,HarvCropLand,GLU223,2005,4.5142844
8,HarvCropLand,GLU223,2006,4.5115112
8,HarvCropLand,GLU223,2007,4.5338725
8,HarvCropLand,GLU223,2008,4.4583352
8,HarvCropLand,GLU223,2009,4.3400454
8,HarvCropLand,GLU223,2010,4.3663036
8,HarvCropLand,GLU223,2011,4.3663656
8,HarvCropLand,GLU223,2012,4.3707177
8,HarvCropLand,GLU223,2013,4.4908791
8,HarvCropLand,GLU223,2014,4.6354469
8,HarvCropLand,GLU223,2015,4.6710238
1,OtherArableLand,GLU223,1971,189.44825
1,OtherArableLand,GLU223,1972,180.9256465
1,OtherArableLand,GLU223,1973,169.866979
1,OtherArableLand,GLU223,1974,161.7100217
1,OtherArableLand,GLU223,1975,149.7819104
1,OtherArableLand,GLU223,1976,146.4073434
1,OtherArableLand,GLU223,1977,142.2433095
1,OtherArableLand,GLU223,1978,140.0308514
1,OtherArableLand,GLU223,1979,133.9266759
1,OtherArableLand,GLU223,1980,128.8116369
1,OtherArableLand,GLU223,1981,135.4645288
1,OtherArableLand,GLU223,1982,136.3428266
1,OtherArableLand,GLU223,1983,140.8406954
1,OtherArableLand,GLU223,1984,152.5460493
1,OtherArableLand,GLU223,1985,169.2619465
1,OtherArableLand,GLU223,1986,175.1576841
1,OtherArableLand,GLU223,1987,185.2925281
1,OtherArableLand,GLU223,1988,193.0356026
1,OtherArableLand,GLU223,1989,198.760984
1,OtherArableLand,GLU223,1990,198.2914777
1,OtherArableLand,GLU223,1991,190.6514838
1,OtherArableLand,GLU223,1992,186.2797813
1,OtherArableLand,GLU223,1993,183.6784443
1,OtherArableLand,GLU223,1994,175.9401457
1,OtherArableLand,GLU223,1995,169.829119
1,OtherArableLand,GLU223,1996,162.7559867
1,OtherArableLand,GLU223,1997,157.7732948
1,OtherArableLand,GLU223,1998,150.5148684
1,OtherArableLand,GLU223,1999,148.6476087
1,OtherArableLand,GLU223,2000,146.1447489
1,OtherArableLand,GLU223,2001,146.7652639
1,OtherArableLand,GLU223,2002,141.7200776
1,OtherArableLand,GLU223,2003,139.4478238
1,OtherArableLand,GLU223,2004,129.4822381
1,OtherArableLand,GLU223,2005,122.9027699
1,OtherArableLand,GLU223,2006,111.098016
1,OtherArableLand,GLU223,2007,115.5142009
1,OtherArableLand,GLU223,2008,121.435237
1,OtherArableLand,GLU223,2009,120.1047878
1,OtherArableLand,GLU223,2010,104.0722793
1,OtherArableLand,GLU223,2011,101.5405405
1,OtherArableLand,GLU223,2012,108.9417241
1,OtherArableLand,GLU223,2013,88.4460241
1,OtherArableLand,GLU223,2014,98.647243
1,OtherArableLand,GLU223,2015,83.7171407
8,OtherArableLand,GLU223,1971,5.8861643
8,OtherArableLand,GLU223,1972,5.8829756
8,OtherArableLand,GLU223,1973,5.6077619
8,OtherArableLand,GLU223,1974,5.431151
8,OtherArableLand,GLU223,1975,5.2954287
8,OtherArableLand,GLU223,1976,5.1990059
8,OtherArableLand,GLU223,1977,5.0618872
8,OtherArableLand,GLU223,1978,4.9168991
8,OtherArableLand,GLU223,1979,4.7644216
8,OtherArableLand,GLU223,1980,4.5650544
8,OtherArableLand,GLU223,1981,4.4336726
8,OtherArableLand,GLU223,1982,4.3036118
8,OtherArableLand,GLU223,1983,4.2312354
8,OtherArableLand,GLU223,1984,4.203368
8,OtherArableLand,GLU223,1985,4.2228202
8,OtherArableLand,GLU223,1986,4.3191246
8,OtherArableLand,GLU223,1987,4.3582242
8,OtherArableLand,GLU223,1988,4.3639552
8,OtherArableLand,GLU223,1989,4.4186438
8,OtherArableLand,GLU223,1990,4.46835
8,OtherArableLand,GLU223,1991,4.4754892
8,OtherArableLand,GLU223,1992,4.5759321
8,OtherArableLand,GLU223,1993,4.6628743
8,OtherArableLand,GLU223,1994,4.6948095
8,OtherArableLand,GLU223,1995,4.7092276
8,OtherArableLand,GLU223,1996,4.7155236
8,OtherArableLand,GLU223,1997,4.7188917
8,OtherArableLand,GLU223,1998,4.6835955
8,OtherArableLand,GLU223,1999,4.7067438
8,OtherArableLand,GLU223,2000,4.8845995
8,OtherArableLand,GLU223,2001,4.8845895
8,OtherArableLand,GLU223,2002,4.9267932
8,OtherArableLand,GLU223,2003,5.0174612
8,OtherArableLand,GLU223,2004,5.0873294
8,OtherArableLand,GLU223,2005,5.0088056
8,OtherArableLand,GLU223,2006,5.0047288
8,OtherArableLand,GLU223,2007,4.9749875
8,OtherArableLand,GLU223,2008,5.0423648
8,OtherArableLand,GLU223,2009,5.1524846
8,OtherArableLand,GLU223,2010,4.4393664
8,OtherArableLand,GLU223,2011,4.3439944
8,OtherArableLand,GLU223,2012,4.8583323
8,OtherArableLand,GLU223,2013,4.2664709
8,OtherArableLand,GLU223,2014,4.0527231
8,OtherArableLand,GLU223,2015,4.1107262
1,OtherArableLand,GLU223,1700,0.11888
1,OtherArableLand,GLU223,1750,0.43762
1,OtherArableLand,GLU223,1800,0.77994
1,OtherArableLand,GLU223,1850,8.29813
1,OtherArableLand,GLU223,1900,240.36428
1,OtherArableLand,GLU223,1950,446.90582
8,OtherArableLand,GLU223,1700,0
8,OtherArableLand,GLU223,1750,0
8,OtherArableLand,GLU223,1800,0
8,OtherArableLand,GLU223,1850,0
8,OtherArableLand,GLU223,1900,0.2606
8,OtherArableLand,GLU223,1950,7.70113
